receipt_id,length_cat,n_items_gt,cer_baseline,cer_multiframe,f1_items_baseline,f1_items_multiframe,cer_baseline_cal,cer_multiframe_cal,f1_items_baseline_cal,f1_items_multiframe_cal
ba8f6219-50b0-4ce3-ace4-c93998bbe495,mid,16,0.912,0.608,100.0,100.0,5.865,3.256,91.159,99.214
bf7cc9b1-0b12-4c17-9d1d-8b60fdfaa817,short,3,4.167,2.083,100.0,100.0,2.116,1.822,100.0,98.235
1a3ee3a1-7480-44a6-a416-90d4939f7d02,short,3,5.263,0.0,100.0,100.0,1.794,2.905,91.341,93.304
1fb31598-898e-4292-a841-6a55bf07fda7,mid,21,0.777,0.518,100.0,100.0,4.907,1.122,76.927,90.896
f50e6cfa-c788-4f38-a279-16e8c867ffd0,short,4,2.222,2.222,100.0,100.0,1.227,2.533,88.673,89.519
4c6e73a4-7721-4e0c-8245-dcce769fc57d,long,29,37.822,1.719,81.633,100.0,43.494,3.36,59.764,79.207
b5b2f4c3-4bd2-48b8-9629-197ce990a172,short,1,0.0,0.0,100.0,100.0,1.703,2.242,87.215,96.669
d12412c4-c66e-4408-9ad0-3214ec65cc19,mid,12,0.474,1.422,100.0,100.0,2.721,2.97,83.665,99.721
98d608d4-39d8-4590-8fdc-46288748f05a,mid,20,0.627,0.627,100.0,100.0,4.103,1.876,92.208,88.27
4c8545c9-93a2-4e5e-8d05-79232aad44a4,long,32,35.593,4.358,81.481,98.413,10.915,0.839,38.633,92.33
7dc4a2f3-623b-438f-9e50-89b093efd7be,short,6,0.0,0.971,100.0,100.0,4.18,2.325,93.429,93.963
219c8ac5-25ae-495f-977f-0fb9124c68db,mid,11,1.538,1.538,100.0,100.0,1.471,2.297,84.511,97.355
39ddadf8-31d4-440d-996d-f40b9db9bb97,long,45,45.291,6.577,71.429,96.552,12.659,0.983,63.648,87.621
8b892333-9d07-4f87-b099-81e96ac1b96c,short,10,0.0,0.0,100.0,100.0,1.551,3.028,100.0,98.89
ef882ffe-0a9d-4231-83ab-9be6aa0ab313,short,2,0.0,0.0,100.0,100.0,1.385,1.743,96.111,99.067
409b82bf-dd90-4d1e-9af6-f1d44f5c5855,short,2,0.0,0.0,100.0,100.0,1.782,1.876,87.483,90.383
8b79ce94-1fde-43d8-9cc8-8018eff55245,short,6,1.429,0.0,100.0,100.0,4.402,4.733,93.691,99.179
5228d555-3d74-4232-a538-94ce2bdbfd16,short,9,0.0,1.935,100.0,100.0,3.21,1.424,96.291,99.965
a75178a2-fb7c-437d-b5ef-7ae1b688f3c1,mid,16,0.353,1.767,100.0,100.0,4.04,9.045,71.561,96.418
0a867537-bb32-42a7-a8c7-b7ea5042b83a,mid,20,1.13,0.565,100.0,100.0,4.403,2.957,87.825,85.211
a26283e0-778a-49dd-96b5-60d830215858,long,37,37.647,5.412,78.689,97.222,6.812,5.357,81.116,86.543
d03fddb1-5c1f-46d7-abc7-0093df01e83b,mid,18,5.525,7.182,97.143,97.143,2.352,2.618,92.765,94.451
0fa12eeb-363b-441f-bcad-1e0310daebd0,mid,12,0.452,0.0,100.0,100.0,2.859,4.813,87.856,97.003
b1ab9aa9-623f-4959-b024-9cf327229a4f,long,43,40.948,5.029,75.362,97.619,4.008,3.097,52.805,78.894
4560eeeb-5dc1-48ac-a866-d87c78f36b0c,mid,12,0.0,0.909,100.0,100.0,5.096,4.137,87.305,92.204
62d59dec-e7dc-4352-96e5-4ff396b6ed29,long,31,35.993,2.128,80.769,100.0,1.829,2.875,53.553,84.245
6cc857f4-2a0f-4936-b0fa-c4c8682f1428,mid,14,0.0,1.117,100.0,100.0,3.7,4.508,98.588,93.835
45338517-1762-4753-aa7e-e1907741dec5,mid,23,0.487,0.973,100.0,100.0,4.96,3.383,75.765,93.033
6be06c9f-c74d-4446-be96-e554d8e01584,mid,17,1.626,0.813,100.0,100.0,4.321,15.508,86.121,94.342
6b2a052f-6da2-4853-8ec2-4fc4300fafa1,short,9,0.0,0.0,100.0,100.0,2.433,1.04,100.0,98.173
f3554430-b720-478e-87f2-06a9fe7b9142,short,4,0.0,0.0,100.0,100.0,4.336,1.215,100.0,89.561
345c38af-9108-4277-afa4-898588ecf894,mid,15,0.0,8.148,100.0,96.552,6.247,13.166,81.333,90.881
2ae12ac2-00a9-4996-8cd1-c5cce4df99b8,short,5,0.0,0.0,100.0,100.0,2.673,1.551,84.816,95.44
c5cb8a69-9f88-4814-ba9b-28b03b06b447,long,32,45.094,5.219,76.923,98.413,2.696,5.881,44.822,100.0
9c5218c4-3ebc-45bc-82cf-85b3be046546,mid,25,2.056,0.748,100.0,100.0,2.394,2.916,92.154,88.23
0f50a5f7-87d0-4b85-8990-5484d8aef885,mid,15,3.817,1.145,96.552,100.0,4.857,7.75,77.632,93.876
de893150-cfbd-4b80-bca1-1880364cb82f,short,10,1.124,0.0,100.0,100.0,2.99,3.353,86.699,89.886
1da81298-3fe1-4c11-8cb8-d57e13bdaa59,short,10,0.599,0.0,100.0,100.0,3.592,2.507,95.626,96.552
c4ce64a5-1e94-4abc-b81d-091b6ade8ce4,short,10,0.578,0.578,100.0,100.0,1.549,2.411,95.881,92.31
43ae291a-8070-4085-aeee-188dd38caf34,long,41,21.378,6.329,90.667,97.5,67.542,5.882,40.705,96.05
9b174b74-a7de-4a93-ab39-7f65afc4fa99,short,1,0.0,0.0,100.0,100.0,1.26,3.363,100.0,91.885
dcef146e-6149-4a11-a38c-cf9e4e74bfa8,mid,24,9.84,4.577,95.652,97.872,8.13,4.532,92.205,99.721
383c5c73-5f63-4f69-8f5b-aec975efe363,mid,11,2.222,0.444,100.0,100.0,3.489,2.251,81.939,89.885
faceb482-9360-4e43-a9cb-b03afa94944c,short,8,0.719,0.0,100.0,100.0,2.362,2.574,95.783,98.474
b747db3c-d720-4d8e-95d9-991d2bd6ee3c,long,37,25.182,4.745,86.154,98.63,8.799,12.879,54.734,100.0
6cd0b189-2a78-4024-8d0c-5c08b6058b92,mid,11,0.99,0.0,100.0,100.0,6.418,2.116,80.851,95.064
4e6ac719-7088-401a-ba43-df176f2fb4e1,short,3,0.0,0.0,100.0,100.0,2.132,3.22,96.962,94.875
413a93f4-f53e-4afd-b094-a5e1c63308df,short,3,16.364,0.0,100.0,100.0,1.378,0.845,91.443,98.591
7526b1e2-c4b7-42ac-ab9e-3de468105ecf,long,47,36.767,6.394,81.013,97.826,10.978,1.486,61.363,93.856
120d4859-2627-4307-a829-1c0cfcfabc7c,short,2,0.0,3.448,100.0,100.0,1.343,2.3,94.472,90.596
232c139e-6cef-49ed-8f98-022baf6a6866,long,27,32.113,6.197,80.0,98.113,12.857,6.305,75.138,99.265
a6ae82a1-4558-4a47-a0a8-174ee5cc66ff,mid,20,0.236,0.0,100.0,100.0,1.579,2.015,90.363,95.188
69dcfbb6-37f8-49a0-be35-ef0cf5ef42a3,short,1,0.0,0.0,100.0,100.0,3.575,21.165,97.549,99.707
b68df714-160e-4406-8e04-25d6dad83fc7,short,4,0.0,0.0,100.0,100.0,4.86,3.1,92.23,98.201
da0b3c9e-7cf9-405f-9ba9-82f994f41a94,long,43,42.078,6.234,73.529,97.619,3.707,3.331,51.394,91.4
c6d1f4f8-6c77-4f60-9356-badcec46aaea,mid,23,0.686,2.517,100.0,100.0,20.936,1.154,91.391,86.706
1f760139-d988-4088-b8f2-529ae42a130d,short,3,0.0,2.0,100.0,100.0,1.791,4.031,94.509,90.857
fc5ba12a-37dd-4245-b84f-cc8e615717ed,short,5,0.962,0.0,100.0,100.0,1.511,3.153,89.74,96.032
4202dee6-939f-470c-91e3-a4e818ff18c7,mid,25,0.0,0.195,100.0,100.0,4.276,2.393,99.971,95.668
79cfdc38-0ea0-4215-8a83-4332cbcd4cf1,short,4,2.597,0.0,100.0,100.0,0.604,2.346,90.151,98.575
1ac0f31d-190a-4f4b-9903-d5d40a2fa0e5,short,2,0.0,0.0,100.0,100.0,1.431,1.958,97.153,98.628
e3018b8d-effe-4e32-84f7-f137a5819731,mid,23,0.264,0.528,100.0,100.0,1.788,2.894,84.425,90.533
9f42617f-ad0a-4819-8b67-c0ae13f8cea1,short,9,0.0,1.205,100.0,100.0,8.578,2.674,86.556,98.836
e7fb9db3-14d4-431a-bc7e-c3c3b1cd60fb,mid,13,0.0,1.212,100.0,100.0,18.298,6.573,78.161,91.208
1f0c4581-9229-4ff7-941a-eaa9b8c5f8a0,mid,15,0.717,0.0,100.0,100.0,10.055,2.313,89.937,96.23
b4ed2954-1c4c-4fd3-ae03-a50962d72ce2,mid,12,1.075,0.538,100.0,100.0,2.165,3.413,67.832,89.053
d79a5de0-f167-426a-baff-6dfb74b998b8,mid,13,1.327,0.885,100.0,100.0,3.471,1.673,97.065,87.434
cf28abd3-fc4d-406b-b5f1-385a8a156d97,short,9,0.0,0.0,100.0,100.0,1.832,2.269,100.0,89.425
b098a2db-6585-4ced-821f-7c6636017076,mid,21,0.456,0.456,100.0,100.0,9.351,3.56,81.387,94.982
bb1b7364-7598-4f8a-a8fc-816b16f0c17d,short,1,0.0,7.143,100.0,100.0,2.865,1.463,94.542,93.626
b2c84fe5-18ae-4ca6-a03f-e02429c6c383,short,2,0.0,0.0,100.0,100.0,2.699,3.121,100.0,90.217
5ae00ee5-4130-44a3-a3fd-2d65739c81ab,mid,25,0.871,5.011,100.0,97.959,18.437,1.096,86.364,95.486
96b2ecb7-dfa0-4365-9abe-a9da079c1405,long,33,38.87,7.192,80.0,96.875,11.816,2.446,55.59,86.748
92d4a22d-9cd5-4542-83e1-7ca15324a4b2,mid,17,1.068,2.847,100.0,100.0,2.742,5.89,89.416,90.375
7798a0cd-7e72-4d5d-8edf-4342b20a888d,short,1,0.0,0.0,100.0,100.0,4.678,2.522,99.001,97.684
ddb15470-6d9c-4116-84f6-54df3373b36c,long,33,45.923,6.489,73.077,96.875,3.485,2.572,70.055,95.677
75c53f03-5c9a-4f53-8960-daf320fab3c4,long,43,33.378,2.681,82.192,98.824,8.477,4.422,78.085,85.949
c5489b54-d4a7-4475-8870-410c221ac7ff,short,2,0.0,0.0,100.0,100.0,3.655,1.858,92.816,99.56
d6abaf79-5a1b-4501-b53f-6c179231d99f,short,3,0.0,0.0,100.0,100.0,4.443,3.417,100.0,95.25
3dfac782-39b4-4363-b5be-1c4f1b9efbdb,short,5,1.176,0.0,100.0,100.0,4.018,1.741,96.068,94.646
a8dba510-9668-4be4-adee-67b50b095562,long,29,45.957,12.128,73.913,94.545,9.651,6.481,46.354,100.0
2afa72a8-e5b3-467e-922e-21efdf601206,long,28,26.97,7.706,85.714,96.296,2.868,1.524,76.275,97.143
f73c73ad-932d-4fa2-ae9e-8359b679799f,short,10,1.13,0.0,100.0,100.0,3.858,3.058,94.05,91.579
898c8683-3984-4376-a46f-068f9364ae55,mid,18,0.615,3.077,100.0,100.0,4.368,2.357,93.124,92.553
69622105-ab79-4c47-94fd-e0f9342b15ad,mid,12,10.909,1.212,95.652,100.0,2.324,2.917,89.752,90.89
541267f3-4bc1-4f10-b012-99c2c26ba750,mid,20,2.215,12.025,100.0,94.737,2.33,4.094,88.744,91.117
c50bd8bd-0eed-44b0-bee3-3d19e0200e63,mid,17,0.485,0.485,100.0,100.0,2.979,4.066,78.588,87.525
dc839c2a-d871-4e47-a8b9-250497438b44,mid,17,0.288,0.576,100.0,100.0,2.505,3.112,89.139,99.024
ead8d18c-97a4-4543-adf8-cf2004cd991d,short,6,0.0,0.0,100.0,100.0,4.543,1.906,94.009,91.158
ebb17c9f-bede-4ad3-b20d-de92a3559ee8,short,8,0.0,0.0,100.0,100.0,2.46,1.764,96.059,91.859
db276de1-28bd-47a8-9f45-922e54a30962,short,4,0.0,1.299,100.0,100.0,3.586,5.262,93.47,96.773
16a18b34-cd72-48a7-a153-a62faae00817,mid,12,0.0,0.461,100.0,100.0,6.715,2.781,88.619,93.189
01bf1b0b-872c-4ea9-8170-65a6b4b3dfd1,long,34,30.7,17.774,82.759,92.063,9.659,2.169,59.113,94.767
99f88052-7500-45a5-bdce-935167a3200e,short,4,1.562,0.0,100.0,100.0,6.884,3.73,100.0,92.098
b5c8d19b-5c53-4ec8-bee7-a2578d9fc14e,short,6,1.01,0.0,100.0,100.0,4.591,2.342,100.0,91.935
5184df5c-a05d-4de9-bccc-7c4309b246c3,short,5,0.0,0.0,100.0,100.0,1.384,1.464,81.377,93.064
c1219eeb-8ab9-4f7b-b7e7-d8d5bdb96917,mid,19,1.25,0.312,100.0,100.0,2.434,3.871,89.325,99.721
f41af8ff-731d-464e-8420-4f837b777c98,long,47,34.5,8.875,79.487,95.556,24.677,2.537,45.14,94.718
af04ca72-6044-4d94-b7fc-868376406737,mid,23,5.459,0.0,97.778,100.0,1.644,10.615,94.349,91.267
e65548f3-cd35-452f-9c00-1f2f47c7c8a1,short,1,0.0,0.0,100.0,100.0,0.751,4.726,93.436,99.965
47d907a1-2b3b-4195-aa77-a637e23f6d92,short,7,2.439,0.0,100.0,100.0,0.816,1.464,94.154,95.354
caa5c514-c8d3-4d17-b15b-49b13b0b7897,mid,14,3.462,0.385,100.0,100.0,3.023,5.141,80.87,92.571
9747ea9f-cefc-45cc-b31e-fd6443aed920,short,8,0.73,0.0,100.0,100.0,2.712,2.856,98.394,90.669
6fb1e9f3-3b4b-464c-8130-7550f2f2e573,short,6,0.0,0.0,100.0,100.0,0.852,4.515,96.117,92.173
229ac9dd-f911-4362-9fd4-925ca2ea8cbf,short,5,0.0,0.0,100.0,100.0,7.382,2.248,100.0,95.436
d559bc07-0d4c-45b5-860a-fbbe3e95dabc,mid,12,0.472,3.302,100.0,100.0,17.528,10.141,85.781,97.014
afa300c4-4324-4af7-86fe-0072d5a9b4ee,mid,25,0.68,0.0,100.0,100.0,6.507,8.042,81.486,95.876
cf75309f-6e8e-4648-90c0-78855ff29b00,short,9,1.37,0.0,100.0,100.0,5.229,0.73,87.021,87.012
3b229f11-d40f-409b-a538-d76ca1ecdbdc,mid,14,0.794,0.794,100.0,100.0,3.431,5.441,96.286,93.434
1e93c531-8f7b-42c1-8602-71d2886d216d,long,47,31.296,10.758,85.366,95.556,52.033,1.334,32.953,90.288
bbf63c9d-e4f7-4218-9823-9bcbfc0d8568,mid,18,0.629,3.145,100.0,100.0,5.42,3.469,74.873,92.784
016b8123-57bd-4e04-a01c-062838af5aa8,mid,17,0.455,10.0,100.0,96.97,1.662,5.287,89.474,89.39
0c1edf31-06f7-412f-ae0c-db5f69028129,long,30,39.122,7.495,77.551,96.552,4.929,1.725,57.793,98.467
6953a69b-db66-4d13-a184-c3d80e4020c3,short,3,0.0,0.0,100.0,100.0,1.25,2.838,90.94,91.996
2c21c412-db3b-4abf-a99e-a7e47c9b6f09,mid,25,2.299,0.69,100.0,100.0,3.844,1.901,83.953,88.361
f8d47b78-74ff-4695-aeac-1d89def92ac5,short,1,0.0,0.0,100.0,100.0,9.861,2.143,89.924,96.022
55c8feda-a1a3-4293-9d62-37e9d70f610c,mid,22,0.568,0.852,100.0,100.0,3.829,3.099,90.958,96.161
e06fd32d-0e2d-4463-997f-668fbf421cb5,long,27,34.021,4.536,82.609,98.113,4.84,2.54,54.577,72.109
4dfa01ba-99c8-47f7-b87d-64b6c4dd8c75,mid,11,0.0,0.599,100.0,100.0,1.434,8.033,97.141,92.146
3570fba5-4ae8-4f43-a723-888c459f376c,short,6,0.0,0.909,100.0,100.0,3.732,2.528,100.0,99.643
a32337a2-1707-4993-a560-5e3faa689e4d,long,34,47.98,8.249,69.231,96.97,7.536,1.875,34.42,92.384
bdc0830d-16db-475e-8ba6-1b765a95ee26,long,35,38.842,3.918,77.193,98.551,3.775,1.29,48.952,81.985
0ba2f374-f1a0-481e-aaed-edefeef843bf,short,4,0.0,0.0,100.0,100.0,8.12,3.56,94.075,99.965
157c7b15-fc90-4f1e-81bd-7b1c8afac3e3,short,4,1.389,0.0,100.0,100.0,2.631,1.251,100.0,97.322
ef5e8f7d-218b-428a-bfde-c195601bea36,long,43,43.269,15.385,77.143,93.827,2.771,3.457,45.485,79.547
63690ff9-6be7-407f-90a1-92211b5e56c8,mid,19,0.81,0.405,100.0,100.0,7.922,11.123,78.886,95.385
29e61b6b-e61c-4a8c-8645-c63bdec36a6d,long,47,34.531,4.635,82.5,97.826,4.241,2.727,49.773,83.745
7a05b2f7-290c-4632-9378-0f1c94a9e7bd,mid,18,0.971,1.294,100.0,100.0,4.286,2.149,88.897,92.939
092308cd-3fde-4827-bdf0-aca7468a3766,short,10,1.235,0.617,100.0,100.0,2.109,1.217,90.661,98.187
a4866f53-be94-47f9-adb9-34516be95bd7,mid,18,5.676,1.351,97.143,100.0,5.882,1.967,87.87,96.137
50d454fb-92c3-47a3-8d47-6a03b771b0c1,short,9,0.0,0.654,100.0,100.0,0.774,2.906,90.146,97.448
891b4cba-91f6-40e3-a688-b934c4ca9779,short,2,0.0,2.273,100.0,100.0,1.461,0.71,84.355,95.358
4dd11714-3b5b-419d-89d5-11bd3bec1597,mid,19,1.272,0.254,100.0,100.0,4.968,2.056,91.105,86.512
88d8e470-8b38-491e-bcea-25c4da770017,mid,14,1.2,0.4,100.0,100.0,3.955,1.71,83.364,93.329
b0f59e11-f8cf-491c-b583-6214a7fa5986,mid,25,0.846,0.423,100.0,100.0,2.268,2.808,93.311,90.838
ac98d78f-eab1-4dac-9dbb-391116024fb2,short,8,0.0,1.399,100.0,100.0,4.474,1.065,97.302,99.965
132003e2-efc1-4708-a2c1-8c352e6f41cc,short,2,0.0,0.0,100.0,100.0,0.442,1.3,97.586,94.355
2d3c966f-a0b7-4cfa-a009-cad4a489fbd3,short,3,0.0,0.0,100.0,100.0,3.232,1.46,94.643,94.544
055b1cfe-c93c-48f6-bbab-7506c42cccf7,mid,19,1.984,1.19,100.0,100.0,9.381,4.121,89.3,91.496
91698040-ebb3-4c51-8e5e-b3f674748594,mid,15,0.377,1.887,100.0,100.0,2.944,2.729,89.641,91.46
3e11e026-051a-4046-b8d5-91582822c581,mid,14,8.333,1.754,96.296,100.0,5.073,12.288,92.5,91.839
19150b95-309d-42c0-84fb-0bc95bd5ebc8,short,2,0.0,0.0,100.0,100.0,5.779,1.642,81.891,91.136
325e839f-d12d-4aee-b00a-45a2ce866b8b,short,1,0.0,0.0,100.0,100.0,0.673,1.699,94.234,99.965
d9de978d-fc4a-445e-98e6-2b0533427a02,mid,11,0.0,0.588,100.0,100.0,5.207,3.102,92.249,84.319
3bd2edb7-7e12-45b5-884a-25d297c34e07,mid,17,0.993,0.662,100.0,100.0,4.885,5.618,78.405,97.701
17bf764c-d8b5-4969-b80a-f46b5b13d0bd,mid,18,0.685,6.507,100.0,97.143,5.25,2.757,91.07,99.721
ba9d8e87-7427-4c76-964e-a35d9338fc72,long,33,21.281,1.318,88.136,100.0,10.596,4.91,51.787,83.86
678ac940-c9ad-4a1c-8818-97554028c698,mid,16,1.29,1.29,100.0,100.0,7.407,2.117,87.703,91.234
9189ab89-3c0e-48e6-a03d-b48ce5ad5562,mid,14,0.427,1.282,100.0,100.0,5.792,4.322,93.498,91.105
3ce9be42-6da0-40b1-b295-c71a99d21a84,short,8,0.0,0.709,100.0,100.0,2.064,1.166,91.456,96.675
4ed52d75-3f30-425d-81e1-3312fa3b404d,mid,19,0.306,0.917,100.0,100.0,7.037,2.034,92.491,98.547
6add2293-5d9b-43bb-bd75-d57cc494dedb,short,2,0.0,0.0,100.0,100.0,3.329,6.468,89.479,90.189
8ec79986-28e1-419e-9f43-2ae493f203e3,long,32,49.323,3.308,69.388,98.413,1.226,13.324,68.648,90.287
7c200d6e-6c7c-4fe6-90cf-4b713add0114,mid,14,0.402,0.803,100.0,100.0,5.039,1.801,99.971,93.655
72026ed4-4eab-4862-bc95-58299faefa48,short,6,0.0,0.0,100.0,100.0,2.691,3.242,97.009,96.062
c798fbe2-77f7-4313-a97a-5d4b64f7932d,long,37,39.206,0.794,78.689,100.0,3.636,5.87,87.234,100.0
0747f372-7b1e-48a2-a4cc-50ecebaa27cc,short,9,1.63,0.0,100.0,100.0,7.603,1.543,88.183,94.664
fcbcffd0-bd82-4413-bb73-f53a3985616d,mid,19,0.752,0.251,100.0,100.0,4.307,6.821,77.122,99.24
a10fbf23-e91a-4cac-9d34-eb9bb222453a,long,30,47.894,5.304,69.565,96.552,7.29,2.861,43.418,77.345
50d2c014-428f-4bf9-b505-b7774b1e4f1d,short,10,1.212,1.212,100.0,100.0,4.436,2.192,86.381,89.988
c4e2e366-772c-4032-af05-40de8c6a701f,short,8,0.0,1.176,100.0,100.0,1.97,5.709,92.564,89.156
67ff6dd9-212f-49df-84ec-432297f84c03,short,1,4.545,0.0,100.0,100.0,2.099,1.781,77.938,94.949
42151ed7-f2d5-4d24-bb75-2922a3551483,mid,18,1.031,1.031,100.0,100.0,3.524,5.372,98.365,97.633
ddcb4e53-cd5d-42ff-aafd-d3e2460889ba,mid,14,0.459,0.459,100.0,100.0,3.432,1.821,99.971,93.376
014e852b-4a34-463b-a18c-0306e1b04d7f,short,9,0.0,0.602,100.0,100.0,2.517,2.067,95.312,94.59
1315e064-25e0-47b9-9bdf-a7698095dbd9,short,9,0.621,0.621,100.0,100.0,1.668,1.511,93.926,92.993
70c3339e-aa79-4075-a33e-96909e168e19,mid,22,0.798,4.521,100.0,97.674,2.515,3.77,85.745,99.138
1582938a-3865-4e6b-b174-c865658774b7,short,3,1.639,0.0,100.0,100.0,0.39,4.038,100.0,86.875
36b9b64d-3599-45c9-b3cc-1187efe08156,long,45,38.879,5.421,78.378,97.727,5.951,2.991,37.432,84.442
dc0fd049-3cd9-4c41-af4d-1f2fefce845a,short,6,9.346,0.935,100.0,100.0,1.145,6.002,99.738,99.965
dd7a5dfc-583f-45a9-9c6e-16233f583bd0,short,3,0.0,0.0,100.0,100.0,4.131,1.065,90.975,97.123
da1bb25c-0c77-4d2e-a929-5947331479c7,long,40,30.735,6.147,84.058,97.436,2.262,7.122,55.103,87.704
2e485421-8236-41ac-b32f-b882c7b9ab8b,long,44,29.481,6.234,85.714,97.674,18.963,5.744,53.277,100.0
16ee880f-23d0-463e-b192-05d4b1af9665,mid,24,0.476,5.476,100.0,97.872,1.944,5.12,90.832,91.905
51863146-5d14-42c8-bf94-25ded15b2a6a,mid,13,1.389,1.389,100.0,100.0,5.205,1.67,92.817,92.401
26c9ee69-b51a-4075-8780-bdfa6cf85d9f,short,7,0.763,0.763,100.0,100.0,1.729,3.936,89.896,89.534
e3467653-cbc1-4a10-88b1-9a4709cd7d68,short,2,0.0,0.0,100.0,100.0,0.838,3.017,86.438,99.965
8f24ee8c-0b07-4556-97cb-f91f13320e74,short,2,0.0,0.0,100.0,100.0,0.58,5.804,95.389,94.78
def2e29a-3ce0-4e19-84b8-f0f8e1dddb78,long,32,29.264,2.326,83.636,100.0,4.763,5.54,58.171,99.665
80eda000-9725-41e7-9640-05ff87df91a3,mid,14,0.469,0.469,100.0,100.0,4.487,3.871,85.093,92.912
9042014e-2976-437c-8620-8bfcf1490a0b,mid,12,2.013,10.738,100.0,95.652,5.139,1.268,79.188,96.104
9f246dd0-1e46-4ea1-b530-80b48c2c27f7,mid,22,1.356,1.695,100.0,100.0,4.669,3.167,87.385,94.525
e490f895-78f7-4a66-aa3d-0e33201f49c5,short,3,0.0,0.0,100.0,100.0,1.709,1.315,95.298,91.255
121855af-e646-4706-aa02-674b28b49a77,short,5,0.0,0.0,100.0,100.0,3.317,0.755,100.0,97.056
9dfccdb5-ce9f-491b-80e0-5d9340ce2714,mid,24,5.528,1.005,97.872,100.0,4.955,6.379,97.264,97.185
1b57c3b1-c211-4448-86c6-05e3137540a4,long,26,33.953,3.256,81.818,98.039,1.145,1.446,49.282,90.949
bb43cef2-e575-49c9-a381-0161ed668aeb,short,6,0.0,1.075,100.0,100.0,3.581,1.357,95.244,92.145
778f90ec-c414-42e8-8642-27168e68ad45,long,46,34.354,8.389,83.544,96.629,4.428,1.306,44.765,79.799
5b516ef3-c92a-4985-a027-51a17c6335b1,short,5,1.149,0.0,100.0,100.0,1.259,3.947,88.425,99.965
8a058558-7582-4edb-9629-7ef30871e8d4,mid,12,0.0,1.093,100.0,100.0,5.85,3.953,82.126,95.932
6ccb3f5d-a5c1-4b6a-aad5-2a62b6243125,short,7,0.0,0.0,100.0,100.0,1.666,2.256,100.0,94.783
8f51d7d1-00f9-40d9-ae6f-d46bf5befda3,short,5,0.0,0.0,100.0,100.0,5.572,1.376,93.913,99.965
ee95dfe3-99eb-41a7-8add-23b06073630a,mid,20,6.695,1.255,97.436,100.0,2.671,10.495,91.52,90.895
1c93a69f-ff69-4b40-b28b-4040c4c54b19,long,34,38.144,1.89,76.364,98.507,17.392,8.766,68.155,78.03
4bf55ffc-f0b7-4756-b432-28084e35a69a,long,39,42.42,2.297,74.194,98.701,3.898,3.303,57.614,95.76
deea2eb5-a772-49b2-b4b7-aece7131ab85,long,28,35.478,12.316,80.851,94.34,10.548,1.383,64.497,95.679
1d4eabe7-70a8-4741-bf62-876ca2460b80,long,39,56.883,3.846,60.714,98.701,16.057,9.558,71.367,94.453
f65735ec-be28-4eae-aa08-3c552ceba1b0,short,5,0.0,0.0,100.0,100.0,2.374,0.774,96.701,95.997
2ba34378-cd3f-4c49-89de-55aa1ac7a9e8,mid,19,0.68,1.02,100.0,100.0,5.01,1.645,80.79,97.34
de0a4e6e-f002-4f8d-8e96-b53683d67d06,mid,12,4.624,0.578,100.0,100.0,4.029,5.324,87.444,93.258
415c5d1f-6a25-4900-acbb-6aac782adf77,short,8,0.775,1.55,100.0,100.0,4.807,1.539,94.7,93.318
56a36d36-0689-4d9d-8c54-c0cf613b1e1c,short,9,0.0,0.0,100.0,100.0,1.839,1.743,95.456,93.252
998ed104-094e-47b2-83fc-9a815f5633f9,short,4,0.0,0.0,100.0,100.0,6.004,1.226,93.001,93.408
9a0b9d54-c774-4e5c-97f3-a31da5ad9b00,long,32,28.74,0.591,87.719,100.0,42.609,4.712,74.363,78.716
9eb1c2fc-f2d3-4f47-a0b3-dd33261e7b02,short,2,0.0,0.0,100.0,100.0,3.004,3.577,94.617,99.427
4348de5d-1971-4ae4-8a83-1b865815c231,short,3,2.5,0.0,100.0,100.0,1.736,4.886,100.0,93.716
7a287e1b-4c74-4639-92bd-a61666b80830,short,1,0.0,8.333,100.0,100.0,1.825,5.017,100.0,93.076
c023fb7e-36d7-45a9-b268-6a61935cb2f9,short,5,1.149,0.0,100.0,100.0,1.857,1.771,86.054,91.493
ce7d6ca9-423f-4d45-9d43-f6bb5b0ece58,mid,11,5.263,1.579,100.0,100.0,2.052,2.232,87.066,94.074
5d5379c4-cac5-40b4-b104-4798f108191b,mid,17,0.952,0.317,100.0,100.0,12.263,1.943,93.179,92.286
d2ca67b8-fb3b-416b-9edc-5db8a44d61d5,mid,24,6.199,1.617,95.652,100.0,4.001,5.303,80.54,94.665
e532f4d5-b7cb-4237-a6c8-10fd9f7decc2,short,7,0.0,0.0,100.0,100.0,2.8,2.819,95.858,99.965
596cc206-b298-454d-b8dd-b6a45bc06068,mid,12,0.474,0.0,100.0,100.0,2.65,2.572,83.536,90.923
f35959b1-544c-46cc-ad9e-d3903c45a1dc,mid,12,7.429,0.0,95.652,100.0,2.651,7.22,95.795,90.863
cbc1ba2f-764c-45f7-a487-917050140aa2,long,29,35.565,4.184,79.167,98.246,3.472,5.87,50.381,95.859
3b834604-7bb1-4990-8b58-6bef48807e89,mid,24,3.14,3.14,100.0,100.0,4.774,1.425,96.557,99.721
f0cf716a-01f9-4e11-ac28-46fb6a35ed57,short,8,2.083,1.042,100.0,100.0,1.623,1.662,95.838,96.504
be4e8f5b-b05e-4222-928b-60ebf4da7fa7,long,35,43.286,3.18,77.193,98.551,17.9,20.104,56.063,84.277
8ab63854-f8a5-4fbb-ab11-f0b02c949a78,mid,11,1.042,1.042,100.0,100.0,1.577,2.282,87.075,99.721
aa01324e-4a82-447e-8292-0717c34ba6f3,long,26,46.288,13.755,73.171,93.878,4.908,4.815,58.493,100.0
bdd66476-d996-4b82-b02b-14704b9ea8c7,short,10,0.671,0.671,100.0,100.0,14.617,1.526,91.185,99.342
3dad8b3e-0989-4efe-87fb-e01fc64cad7c,long,36,38.689,3.77,77.966,98.592,18.366,17.639,67.582,87.83
745e1c82-d62e-477c-a419-ceb2f268c541,short,5,0.0,0.926,100.0,100.0,3.769,4.08,99.047,97.195
e34392ef-91da-4153-bc04-d84a0c241ca0,short,7,1.77,0.0,100.0,100.0,5.26,4.23,100.0,97.76
7dc7603d-f100-40ac-89b0-0d44ebbdc271,mid,25,1.452,1.037,100.0,100.0,3.685,3.863,94.511,89.88
0d8abdf7-7f1d-47fe-8d21-3c2fa62d4871,short,7,1.361,0.68,100.0,100.0,3.226,1.656,94.295,99.965
296fba78-6cbc-4e02-ae11-307a9d72a671,mid,21,6.557,0.546,97.561,100.0,4.735,3.637,79.118,96.116
31cf8423-3b52-40ae-b102-6ddef57bfeef,short,2,0.0,0.0,100.0,100.0,3.916,7.68,92.275,96.043
eedaaaf8-1d1c-4f11-859f-44124ceae213,mid,11,0.0,1.379,100.0,100.0,4.932,9.115,86.703,94.252
d0aa42ad-264e-421c-9574-36e566ee5ab4,short,6,0.87,0.0,100.0,100.0,3.815,2.346,91.443,95.942
0cedbdd2-12e7-4521-9cff-85f0a633019f,short,3,2.381,0.0,100.0,100.0,5.285,1.133,94.921,92.367
35544eb8-8940-4409-a25d-bcd3605a336c,mid,24,0.647,1.294,100.0,100.0,9.561,1.419,83.921,94.644
0ff621e1-0492-4c2d-9752-bb5181460a2d,short,10,0.0,1.626,100.0,100.0,7.457,2.016,90.791,99.965
3919ba00-f046-4304-ab48-51ee017c6fc7,long,31,40.156,15.984,76.0,93.103,1.763,0.693,65.403,86.675
dc2fd5a7-9044-4415-a2c9-4c9447d3d5c5,short,9,1.935,0.0,100.0,100.0,1.219,3.208,95.586,92.911
d6ee4436-60e6-47ee-9ca0-9bfe21b2fa41,short,1,0.0,5.556,100.0,100.0,1.017,3.541,98.025,94.77
c62b3320-5d49-4756-9744-fd6fd060b7d6,long,47,39.894,7.048,76.316,96.703,66.135,1.71,35.645,85.138
a92767e0-2080-446b-b258-9e5510f6517e,mid,22,0.224,0.0,100.0,100.0,4.012,4.094,85.828,94.543
e3983924-1c0d-4e79-aaf5-ec4bc75c9dc3,mid,12,1.361,1.361,100.0,100.0,1.725,8.412,86.781,97.596
6129c511-f7b3-428c-b6e4-46e055170c74,short,10,0.0,0.0,100.0,100.0,3.169,2.759,97.543,96.957
6be81b1f-7f91-4ae6-a16a-cb5276581225,short,2,0.0,0.0,100.0,100.0,3.909,4.656,95.302,98.001
3551beb4-7ac6-4fee-a95d-ec0d7200f14e,short,4,1.37,0.0,100.0,100.0,2.341,4.977,90.064,99.965
0f8c0c2c-fd4c-4f27-93ce-46911f3e4b05,long,36,32.321,2.321,83.871,100.0,8.3,1.282,60.681,85.226
9281ad39-e83e-4953-be7c-ae3c6aa313a4,mid,24,1.737,0.248,100.0,100.0,7.461,2.391,84.598,85.602
a338fa5b-b561-4791-a019-dd397790aea7,short,1,0.0,0.0,100.0,100.0,1.816,0.49,84.617,98.207
939562a8-24c0-4b55-9c33-d8fd8b43bf12,short,2,0.0,2.632,100.0,100.0,4.32,2.708,88.319,94.975
582b3cef-d646-473b-8344-8aa286da1293,short,4,0.0,0.0,100.0,100.0,2.486,1.047,100.0,98.674
76f0991e-d71c-41fa-93f4-06325cd1dda0,long,43,34.683,7.962,82.192,96.386,6.803,4.113,61.896,74.214
85ad8e6e-d692-4da3-8568-4e7c53d1dc76,short,4,0.0,0.0,100.0,100.0,2.097,1.393,88.111,94.043
9a82a84a-d86b-43b5-be73-ea4b9360c3c3,mid,15,0.0,0.772,100.0,100.0,14.58,5.196,83.848,95.423
9e399a42-8711-486e-9099-6312b5416ed3,short,8,0.0,0.0,100.0,100.0,6.639,3.653,94.481,92.579
5f64fbe9-11bd-4e9d-a093-f430047d18db,long,34,33.227,4.134,80.702,98.507,18.699,5.515,72.294,95.877
107043fc-5095-4f66-a05b-b4e5694df1f9,mid,15,0.76,0.76,100.0,100.0,8.636,2.566,95.176,93.927
03b4d8b1-aa3e-4340-afd2-f3a642c77ca3,mid,24,0.244,0.488,100.0,100.0,17.706,2.339,97.687,93.929
af0b3be1-6bdc-4051-96ae-0f3c53449386,short,6,0.0,0.0,100.0,100.0,1.579,1.569,92.2,96.863
16b5c530-85b1-4881-92e7-e2c3ff8e5483,long,38,39.907,3.261,75.41,98.667,15.417,2.544,58.373,100.0
cff09f5f-0bd2-4d1b-b83b-a932aa13529a,mid,18,1.045,0.0,100.0,100.0,13.881,4.596,87.502,93.618
3d9436f2-474d-4f3f-8f33-29fac1d7b3c7,mid,22,1.881,0.627,100.0,100.0,6.364,1.915,85.731,86.484
6383894c-840e-49a4-afcb-b6266f7f173b,mid,22,3.815,5.995,97.674,97.674,5.478,5.216,84.376,99.418
f271dfdb-9e3e-4d46-97ee-3659168e2ea2,mid,12,15.833,0.417,90.909,100.0,1.756,1.469,88.621,97.315
4639ceee-89fa-4069-86d4-3904e0163404,short,6,0.877,0.0,100.0,100.0,8.102,1.593,100.0,95.012
34113626-79ae-4558-896d-0b2b8827d640,long,34,40.981,11.909,78.571,93.75,7.174,8.163,68.617,77.98
ada96cbc-a4f7-4394-bd12-fce1d6d8c7d4,long,47,44.417,9.41,72.973,95.556,44.018,12.144,49.271,93.94
a072daa5-ef8e-44fd-852a-0ed59e3b2cd8,long,31,40.335,6.134,78.431,98.361,14.937,4.96,50.41,85.302
d7d16981-47b6-4c5e-9580-d396a08fc6dd,mid,21,0.833,1.111,100.0,100.0,4.069,7.149,90.535,91.661
c4a0fcfb-07db-4dd2-bc5b-1872a56e67bf,short,4,1.852,0.0,100.0,100.0,4.278,0.379,100.0,88.21
c9b926d1-bab5-444b-9446-5e148de4dfd5,mid,17,1.404,0.351,100.0,100.0,3.214,1.807,79.509,97.769
91821436-2fcd-42bf-bee3-5ad1cca3d96c,short,4,0.0,0.0,100.0,100.0,1.796,2.582,93.841,97.074
94ca9e61-64c8-48b0-8464-03c6ad9d4c05,mid,22,0.255,0.51,100.0,100.0,4.371,1.639,93.251,91.17
cfba9d3b-961a-4701-a19b-6181a5646485,short,5,0.0,0.0,100.0,100.0,0.838,1.622,100.0,98.566
0c4ed9c4-e17a-4f7c-8ca9-8e27ae38416e,mid,12,0.671,1.342,100.0,100.0,3.245,2.869,85.345,99.721
392aab72-c1f8-404d-817c-fb7fce8f7f36,mid,22,0.84,0.84,100.0,100.0,5.412,4.579,93.455,94.092
a0c53bed-c622-4e78-bc4e-6994e7e160c6,short,2,0.0,0.0,100.0,100.0,2.079,1.865,93.693,95.017
69b416ef-b507-4833-a1b2-64c7e0a63436,long,34,45.983,9.744,74.074,95.385,19.314,4.197,69.834,90.084
5d83ef67-2657-4234-b356-42cf98dd2b06,mid,24,0.719,0.24,100.0,100.0,4.377,1.067,92.771,94.521
a13720ad-db63-44ae-bdd7-e5973f878b57,short,4,0.0,0.0,100.0,100.0,5.013,0.369,100.0,94.609
ce53065e-7848-4101-8e92-73af3c01f25d,long,34,32.59,0.515,82.759,100.0,29.354,1.753,68.019,82.213
13638128-4544-447b-9c41-a06b282fffb9,short,8,0.0,0.752,100.0,100.0,1.611,6.614,92.978,96.036
69760b2f-004e-47e9-9b8d-37cff83dc053,mid,17,0.94,6.27,100.0,96.97,7.617,4.763,88.177,94.595
b5353334-2926-4310-a366-d970faf303e2,long,27,30.0,8.696,85.106,96.154,85.867,3.844,61.785,99.239
ab06edb0-ecd9-4d5e-adce-143b6b1172a7,mid,13,0.0,0.971,100.0,100.0,8.981,7.211,91.105,88.58
62bfd0dc-4aba-4c3d-9680-5f785bf57e89,long,27,19.737,4.605,92.0,98.113,52.309,1.609,63.324,84.633
0cf610a9-7d1f-4744-b54e-8d03339df110,mid,11,0.0,0.0,100.0,100.0,3.961,4.309,89.202,94.822
85a0163b-7eda-45bb-bd8c-de98912c6645,long,39,34.844,5.938,81.818,97.368,51.186,5.787,55.045,98.539
39ff8fa7-e117-43b8-a6f3-2292c2091382,mid,16,6.579,0.987,96.774,100.0,9.525,1.694,90.857,95.936
56a20661-4bed-4b42-8c4f-366695d3a4f2,long,34,42.014,3.885,76.364,98.507,6.253,12.101,56.469,91.754
3765a677-af37-4970-8218-84485d85e17c,mid,25,1.613,4.839,100.0,100.0,3.669,3.571,80.698,87.395
b4083ea5-6afc-4997-bf28-71814cd76035,long,30,45.386,4.52,75.0,98.305,50.116,2.045,43.732,73.311
ae46f3ab-31fb-44b6-8f47-5bd2dd05e4eb,mid,21,0.482,0.482,100.0,100.0,2.648,1.599,97.123,97.167
11297aae-a02d-47c1-abd5-6cf3adcc2027,long,41,31.188,5.322,82.857,97.5,4.069,24.403,73.604,88.108
8a4873fe-0b55-43c4-903f-3387782a0372,short,9,0.0,0.671,100.0,100.0,0.433,8.292,85.784,88.587
a40621ca-3257-4b14-8fc6-7f642c673c3a,short,9,0.909,0.0,100.0,100.0,5.099,9.066,100.0,97.422
89cf6e7a-e39d-4df3-b9f5-2eff6a89e6df,short,4,0.0,0.0,100.0,100.0,3.78,3.5,98.678,96.291
f6713ccc-7f3a-40a6-83b1-f485b697ed6e,mid,21,0.496,4.715,100.0,97.561,4.456,3.407,82.752,92.019
b96fccbc-1094-437a-ab9b-942f741adac1,long,46,43.962,6.649,70.423,96.629,1.347,3.721,43.774,81.806
43b9938b-e626-4112-9e17-eae0b3e2634c,mid,18,0.639,0.319,100.0,100.0,4.698,8.155,92.783,86.875
c0b42349-04e8-46d9-9680-356e8bde4fa3,short,7,0.0,0.0,100.0,100.0,1.247,3.689,88.226,94.268
96ea5b45-987c-441b-9d26-163847e57e15,short,1,0.0,0.0,100.0,100.0,3.663,1.173,94.755,89.832
324126d7-261f-4ea2-99b3-c0d2b4cf9c6d,long,42,48.56,1.047,70.769,100.0,4.477,5.199,34.624,94.302
40f472e2-5516-4f8a-91a3-91a4904854ae,short,7,0.0,1.493,100.0,100.0,2.458,2.922,95.466,99.965
8b877cf1-d185-4770-90ec-43df190cde36,short,5,0.0,0.0,100.0,100.0,2.721,1.621,94.857,97.339
a175a222-708b-4350-a6bc-4194896cc76b,mid,19,4.186,0.93,100.0,100.0,4.287,3.625,83.064,90.495
957e2325-5cdc-4d1e-9529-cee6c8f881f1,long,26,39.61,9.307,76.19,96.0,1.855,16.321,39.91,85.13
ebef66a1-aea6-462c-85c7-be4b5788f2ab,mid,11,1.493,0.0,100.0,100.0,2.505,6.052,85.505,98.116
5161a74f-b8d0-4ad5-a4a5-aa6991431786,long,26,28.604,12.357,86.957,93.878,4.136,5.033,46.095,100.0
103fb153-4fa4-4656-a814-2702dc94ef71,mid,24,4.02,4.523,97.872,97.872,1.804,4.26,91.076,94.79
1f63416a-222c-4d3c-8b92-5a627b845b41,mid,25,3.341,0.445,97.959,100.0,3.638,3.272,87.537,92.553
98c88fc8-1cc7-453b-a4dc-bb6f44aa4fe1,short,3,0.0,0.0,100.0,100.0,4.894,7.901,90.777,89.689
6f360b9f-168e-4ff9-ad60-3087572a301b,long,35,23.71,9.484,88.889,95.522,7.872,31.706,46.574,100.0
b5b0d969-f346-41b8-9c6a-a9b85399cbd4,short,7,2.062,0.0,100.0,100.0,8.066,1.505,97.538,99.965
e79bf9d5-18e5-4935-bd51-4a2598fd9d71,mid,13,0.0,1.25,100.0,100.0,3.176,3.131,83.785,89.092
4ef9e154-3909-4c5c-a930-fa1b3f17c949,short,7,0.0,0.0,100.0,100.0,1.582,1.006,94.328,92.087
41083419-67dd-478d-9271-a6a3db88a447,short,8,0.699,0.699,100.0,100.0,2.936,0.825,96.108,98.499
e333d374-597a-4466-9299-78f3949ab9ab,short,5,1.087,0.0,100.0,100.0,0.617,2.625,100.0,90.329
f5d1a798-6d79-48b7-a799-e7928e1d934b,short,10,0.0,0.0,100.0,100.0,8.037,2.697,89.892,94.943
fba7c6f4-a8b8-4c30-b994-7dc4d97a65b8,mid,24,0.917,0.459,100.0,100.0,6.123,3.703,90.506,89.466
b54ec800-2398-4d47-9824-c23126e083b0,short,4,0.0,2.703,100.0,100.0,2.806,0.898,93.456,91.552
b436bbba-fe0a-4be2-a630-d40c48e010fd,mid,16,0.678,0.678,100.0,100.0,2.475,7.427,93.82,95.569
fc933ab2-bfb2-4f98-8a9f-fcff51594f98,short,5,0.0,0.0,100.0,100.0,1.16,1.734,100.0,95.733
ea751a1a-ebc0-4321-966d-da5b9f4621f5,mid,15,0.364,0.364,100.0,100.0,21.005,4.479,88.426,91.907
9e98aba1-a56e-49e1-ad2d-8be98a0fd8f7,long,27,33.028,5.734,85.106,98.113,10.048,3.563,69.462,98.48
08834980-64b9-4bd1-abf3-381ae0ccdd94,short,6,1.205,1.205,100.0,100.0,1.438,0.943,83.103,97.198
bfa7fbe3-d5d2-432b-a2ea-a01457955fac,mid,14,8.065,0.403,96.296,100.0,1.913,0.972,89.605,99.721
b6d40e1e-ef1c-4b1f-8124-a3f06af68185,short,9,0.69,0.0,100.0,100.0,2.482,3.469,94.614,94.771
c8832203-6022-414c-a308-c0ace84217a5,short,7,0.0,1.087,100.0,100.0,4.743,1.762,95.727,96.453
a08dc198-6a42-462c-a79b-4386e1b4f971,mid,16,0.375,1.498,100.0,100.0,2.595,6.415,86.225,90.125
aa69df01-7477-46b0-9635-8f2928da9251,mid,22,0.538,1.613,100.0,100.0,6.03,2.063,87.443,93.103
87f4be96-2528-4d99-9e09-9cc0906543d8,long,35,29.355,4.516,87.097,98.551,28.642,5.885,58.363,97.355
9eb6e441-72a5-4378-b4c5-ffbba0bb5bfd,short,3,0.0,1.538,100.0,100.0,6.596,2.931,94.185,89.921
d332ac6c-09b4-4c67-8b16-d84989076152,mid,25,0.188,0.563,100.0,100.0,1.965,2.945,83.618,92.393
e80b4211-4ad4-4135-b47e-2327105f3564,short,5,2.857,1.429,100.0,100.0,2.593,2.882,93.7,97.112
59f8ebc5-159c-4dbf-a1dd-757a1ed634f6,short,6,0.0,0.0,100.0,100.0,2.607,0.641,88.485,94.591
664df5cc-20fb-4045-bcb9-a503c3a22775,mid,14,8.046,0.383,96.296,100.0,1.777,5.07,96.457,98.001
7ab5dcc1-5e3d-48b7-9ced-d1fb5d497927,mid,24,0.765,0.255,100.0,100.0,3.568,8.653,88.166,91.795
6440da61-9fd2-46ac-95ef-d9107f991fba,short,4,0.0,0.0,100.0,100.0,1.622,1.75,91.793,95.848
006d5b0e-637e-40a8-a144-aa6ea317d0e7,mid,23,3.308,4.58,100.0,97.778,4.635,3.544,89.896,97.889
382bc84e-78a3-4c3b-a369-a12aa88c7d79,long,30,34.085,5.634,82.353,98.305,24.653,1.227,20.076,98.299
26e79259-f508-4b5c-b60d-34cabeb22e0a,mid,13,0.897,1.345,100.0,100.0,1.591,3.092,80.255,85.951
1f00d9d1-8952-4dab-9fb2-cccbe837f5da,mid,13,5.2,1.2,96.0,100.0,6.051,5.578,83.816,82.804
31cbc954-c132-4cbf-bc4c-809fbe472266,mid,14,0.733,0.0,100.0,100.0,2.826,4.475,78.404,93.87
bf5a3184-406b-4458-8876-045d1fcd511c,long,29,38.28,1.075,76.596,100.0,8.53,6.399,60.552,82.862
16ff01ee-a53e-4fba-9722-d384e59aee18,short,1,0.0,0.0,100.0,100.0,5.76,1.908,93.959,91.435
b494baca-54c9-49ca-b114-47ba164bbedd,mid,22,0.522,0.522,100.0,100.0,3.037,2.08,86.237,99.721
8a850f1c-71e5-459a-ba47-4cba7e7815d3,mid,18,0.962,7.372,100.0,97.143,1.586,1.343,96.099,92.305
3ce2a60a-3792-46d8-96ef-2338331bd948,mid,19,5.556,1.543,97.297,100.0,2.593,6.602,83.641,99.721
69198e36-26f5-48be-947f-4fba1a5fd467,long,40,39.645,9.763,76.923,96.104,18.285,2.725,91.402,85.835
a6e87666-4a7c-4494-9b39-893fb1004f7f,mid,20,0.732,0.244,100.0,100.0,6.964,4.233,95.082,99.368
394a1b00-cb9d-415e-aa2e-a35251c4b475,short,6,0.0,0.0,100.0,100.0,2.549,1.334,96.883,92.456
784c2679-d7fe-4a27-b8c2-e3d94ad875ed,long,31,39.715,7.437,76.0,96.667,79.449,4.491,53.21,92.231
21a23f59-373b-4511-9b39-8af477704f76,short,7,1.22,0.0,100.0,100.0,0.97,1.171,100.0,92.539
ad5d323b-5a79-4903-b668-aa40dc19ddcb,short,9,0.0,0.0,100.0,100.0,1.198,2.894,100.0,98.041
8b37dcec-fe29-4e5b-85ce-1df3f97728b6,mid,18,0.352,0.352,100.0,100.0,8.318,2.247,78.746,99.127
98ccdf5e-e1f9-4596-a808-5545cf4a2dc0,short,10,0.0,0.629,100.0,100.0,1.988,1.804,100.0,97.391
66143de8-654f-4874-ae65-61be86c93ea8,mid,17,0.346,3.114,100.0,100.0,5.699,12.968,83.414,96.84
c112ed7c-51cd-43a6-833b-e01f2d7d49f0,mid,25,0.816,0.408,100.0,100.0,4.311,4.157,96.443,95.165
a6975e49-a01a-47b4-8dc0-8423fa3b17b7,short,4,1.408,0.0,100.0,100.0,3.633,3.992,91.932,91.811
9a22000b-e9bd-4fc7-85f2-8814528aa0b8,short,8,0.746,1.493,100.0,100.0,1.199,0.645,100.0,90.755
3049f849-3caf-4c51-917e-f8b9979a1c10,mid,19,0.971,3.236,100.0,100.0,3.548,2.996,89.118,96.393
4f189920-343a-4448-8a0e-a94115149c68,short,4,0.0,0.0,100.0,100.0,4.552,1.478,93.119,96.296
e05296a2-ea15-4848-bd76-a7479d425ac4,short,5,0.0,0.0,100.0,100.0,2.094,5.502,97.069,98.105
0829d9a7-30ea-4733-a7ab-5d7a7bf4f32d,mid,21,1.337,1.337,100.0,100.0,6.588,7.152,88.36,87.967
008a95fb-acae-4cd9-853c-ea6cdaa7826d,long,43,32.469,10.034,85.333,93.827,13.465,2.391,50.739,95.482
f3a1a149-8d64-4cca-be49-8eaee0eb69b9,mid,12,7.173,1.266,95.652,100.0,9.856,3.583,89.127,99.721
d9ec376f-8f12-4196-91e1-17b6f9300ff0,short,8,2.055,1.37,100.0,100.0,2.95,9.992,97.517,88.126
d0026b03-6b2d-475a-96bf-ba73cbb21f79,long,35,36.49,1.155,81.356,100.0,19.867,5.462,78.267,96.184
b43c0192-0b6c-4db4-9ff3-6f59150cff29,mid,14,0.0,0.398,100.0,100.0,3.76,1.697,86.021,89.747
a114708a-826c-4028-8224-c44279838517,short,4,0.0,0.0,100.0,100.0,1.66,2.986,100.0,96.745
13aa2f6f-9acf-47b5-b2e0-d938577c95a5,long,46,30.392,5.773,83.544,97.778,2.328,5.745,76.857,85.803
e861c0ef-8f70-4555-bc7b-c1e9fcc30935,mid,21,0.817,1.362,100.0,100.0,3.771,3.569,82.567,95.725
e72c0b13-1540-4bcf-8496-bc5fb0a1f705,short,3,1.724,0.0,100.0,100.0,2.29,2.698,88.796,93.417
25e87be4-03f2-4467-bd53-b7b930b6a8e6,mid,11,0.0,0.0,100.0,100.0,6.868,2.829,97.633,91.545
fe624b27-d1db-4ce2-9501-1ac8ecb9608c,mid,11,0.0,1.036,100.0,100.0,4.848,6.19,78.767,86.116
7d878536-0d54-4cdc-bbd4-25412cf42e72,mid,14,0.881,10.573,100.0,96.296,1.424,7.546,83.964,99.721
43185876-95af-48b8-ba05-a0818d354ce3,mid,21,4.0,0.571,97.561,100.0,2.79,3.952,96.525,99.721
06d79a5c-e84d-4bed-8fe0-103a18ff991d,short,7,0.84,1.681,100.0,100.0,10.553,4.331,100.0,97.536
eeb0b28b-95bc-4e11-b1f0-bc93b6e9383b,mid,15,1.235,0.412,100.0,100.0,7.142,2.541,82.367,93.126
1f646d27-fba1-4411-956e-cecafc0303be,mid,21,0.587,0.0,100.0,100.0,3.677,2.695,91.451,96.95
dedc56c5-35b4-4b4d-a030-72dc2f737b05,short,9,0.0,0.0,100.0,100.0,2.652,5.09,87.271,94.392
475af213-6db1-4376-b9a7-fe1b87fd85fe,short,4,0.0,1.449,100.0,100.0,1.509,0.684,93.627,94.68
37a13b8a-5cd6-4ffb-9ced-e71c42e7e7df,short,1,0.0,0.0,100.0,100.0,7.19,3.063,87.976,99.965
a885ef6c-cf4b-4db9-b809-5bc841e03b2d,short,4,1.613,0.0,100.0,100.0,5.86,2.974,92.763,91.33
51e7461e-f3e6-4923-9590-0a7f8291bce5,short,9,0.654,0.0,100.0,100.0,1.921,4.031,100.0,99.965
23a914e4-629d-415c-b6e2-b49dd6e2705c,short,2,0.0,0.0,100.0,100.0,1.77,1.072,94.968,88.095
5f58fd2a-51d8-492f-a381-1bce17103545,long,36,33.281,9.306,81.967,95.652,12.378,3.577,51.685,77.832
a67df0c8-262f-4f37-b274-1cb70a694027,mid,20,0.627,5.643,100.0,97.436,5.935,2.569,80.256,81.682
8feafc49-1e40-46e8-81f9-8db5c0e0c1e3,short,2,0.0,0.0,100.0,100.0,2.445,6.074,100.0,93.339
6d858bdb-c2e6-4301-9582-9f63b4193249,mid,19,0.334,1.003,100.0,100.0,2.718,4.687,81.286,94.343
b120ca0d-b474-4df4-9c32-a76fe42d388b,short,7,0.82,0.0,100.0,100.0,4.261,4.379,93.522,94.352
0f650b92-6029-480a-9522-e94e505632b9,short,3,1.639,0.0,100.0,100.0,1.348,1.277,92.763,96.635
045c42bf-aa8d-47f8-9c0a-b68f62ef8f35,mid,19,0.89,0.0,100.0,100.0,7.852,2.185,96.228,92.058
0adabd01-c500-4b43-b933-2870dbd3b0b5,mid,18,1.007,12.081,100.0,94.118,4.081,2.26,72.734,96.665
7acfdee2-49ca-4303-a7da-fb4f12ff8835,long,43,51.832,0.271,65.625,100.0,19.51,3.215,59.756,94.913
20cb89c6-53a1-4936-b661-68c4d029d98c,mid,14,0.429,10.73,100.0,96.296,1.387,2.575,92.039,88.136
74498aa7-3da1-40a6-969c-8a3dc4dbc5b9,short,9,0.685,0.0,100.0,100.0,3.061,0.929,96.922,95.023
2abee706-41aa-4d15-8d24-a7f697f4a961,short,1,0.0,5.0,100.0,100.0,0.805,4.219,89.714,91.927
0393e117-879d-459d-8ac1-73dd1ec0220b,mid,12,0.49,0.98,100.0,100.0,4.766,7.048,81.181,93.385
9359783e-78d0-4322-ad39-d3f7c0e559bf,short,6,1.639,0.0,100.0,100.0,3.366,3.179,95.182,93.699
189bd8fd-9cda-44b6-baf6-b884666c3fa8,mid,11,0.413,0.413,100.0,100.0,2.321,3.725,80.843,81.487
5d23fcf3-1243-4651-ac58-fc04bb9bbbe4,mid,21,0.826,1.102,100.0,100.0,5.623,6.085,73.101,89.111
76fe886a-5e9e-4824-b6dd-d0bfd0c4f4c4,long,39,33.075,5.435,83.582,98.701,17.141,20.879,59.056,84.846
3c84d7f4-8fd1-4330-b26a-66bb3d2d4240,short,4,0.0,0.0,100.0,100.0,2.193,4.785,90.246,91.971
75567a9f-04eb-4f5b-82f1-f7eff8740578,mid,14,0.403,0.0,100.0,100.0,2.954,1.997,88.01,99.62
d82b63d6-d5cb-4709-8948-71fb0172f51b,long,42,31.667,6.481,83.333,97.561,12.377,3.29,54.324,78.087
dc860893-6d81-4bae-816c-1b4ec49a781a,mid,23,0.959,0.48,100.0,100.0,7.686,3.376,86.192,99.721
5ee0f0a8-f486-4d46-9e3b-bd3eb98339bc,mid,18,0.28,1.401,100.0,100.0,5.105,2.253,84.717,97.72
5b78a733-4a08-4b36-acac-02c381f6f807,short,10,0.578,0.0,100.0,100.0,2.698,0.885,99.639,92.494
7245b71a-5ac2-42bd-94d9-2521175dd5bd,mid,12,0.922,0.461,100.0,100.0,15.372,6.763,84.591,98.249
93086033-ba85-4eb2-86c5-a1c5a128a386,long,45,46.252,6.581,73.239,96.552,9.347,7.964,66.08,83.888
a17a39b7-5798-4e7b-9db4-d6ed8025d895,mid,15,2.222,0.556,100.0,100.0,2.64,6.563,85.266,91.529
5142cf50-1931-49cf-bc0b-fb4cf41f75fc,long,31,39.788,4.775,78.431,96.667,3.033,5.649,89.967,82.098
f08b03d6-d258-4263-802c-25f151d3528b,long,30,33.537,8.333,82.353,96.552,8.909,12.46,57.535,94.398
e39398b7-8b73-4eb7-b55a-41569063f529,short,7,1.626,0.813,100.0,100.0,1.185,2.712,92.999,99.108
def82be2-b763-48bc-baa4-3778d955e4b4,short,10,0.645,0.0,100.0,100.0,5.723,9.919,97.602,96.469
4d1935bb-96df-4b68-8cb9-8ccd53366e47,short,6,0.0,0.0,100.0,100.0,2.856,1.697,96.154,93.985
c4d91ce3-3359-4bac-b474-5abcccd54a7c,long,37,29.428,18.828,84.375,91.176,10.44,11.552,43.503,99.962
f4d69fd1-66c2-4ae5-a78c-47a8ea703981,mid,23,0.536,2.949,100.0,100.0,10.414,3.295,74.547,90.715
3fc42059-9c6e-4fdc-93f1-c19b2fb24c59,mid,11,0.437,1.31,100.0,100.0,10.269,3.489,81.28,91.126
dca0715c-f9c9-4044-827e-e553b63abbbc,short,10,0.463,0.0,100.0,100.0,4.489,2.912,92.688,93.7
032ebe0e-eeb4-418d-abad-1fbf337b06c4,mid,11,0.87,0.0,100.0,100.0,3.148,2.034,96.963,91.854
dfad06cc-2006-407e-9aa8-286fc58a3ae6,mid,20,0.66,1.65,100.0,100.0,9.711,8.813,93.263,91.418
5f437135-ab46-473e-8761-6ea0b44e7a29,short,2,0.0,0.0,100.0,100.0,3.307,2.067,88.699,96.463
c26bfca6-e3cd-4592-8467-045f4f6a9163,mid,14,0.426,0.0,100.0,100.0,1.815,7.214,84.487,93.942
bd8dc16b-7559-49cd-9f51-9483d91447bf,mid,20,1.77,0.885,100.0,100.0,5.05,3.028,90.793,91.244
dbd22c62-f189-44f2-8587-cf2212aa815c,short,10,0.0,0.0,100.0,100.0,4.587,0.935,94.881,99.965
cb4c45d2-b6cd-4ed6-a1a7-e1ec0ffd365f,long,29,35.472,2.852,79.167,98.246,2.886,2.341,66.522,92.191
fae8ad0d-40a1-4184-9ef1-966fcba46b71,mid,18,0.0,0.322,100.0,100.0,5.294,4.744,91.081,97.566
94efcb32-f629-41ec-a730-caffb016f4e0,short,5,1.124,0.0,100.0,100.0,3.321,1.815,98.159,99.965
a21a4f6a-8bd2-463e-b54d-e6af03c9f542,short,6,0.0,0.0,100.0,100.0,2.272,1.169,100.0,94.685
30cf36a8-187c-44e6-aeaf-a3da1b058b5a,mid,13,1.648,0.0,100.0,100.0,0.905,5.882,84.063,92.778
8f86ab5e-2c93-4533-86b5-2c8a795c254a,short,9,1.46,0.0,100.0,100.0,3.145,2.351,98.381,93.425
bd69bd45-cbc5-4565-82e8-801052d6b556,mid,16,1.534,0.0,100.0,100.0,5.932,3.027,91.706,95.593
038114e2-a3ac-47d9-a8f9-03db8080ecdb,mid,25,0.696,0.928,100.0,100.0,2.152,6.787,84.059,96.362
cbf9ca0d-83dc-4fe8-8c59-2bb79072c86f,short,8,0.0,1.235,100.0,100.0,3.223,6.319,92.781,93.77
0a3b3f55-1588-4796-8994-0d60e848e107,mid,16,2.135,0.712,100.0,100.0,4.086,2.95,92.073,86.692
17a69d51-b5f0-4179-a575-e4b518e32669,mid,17,0.375,0.375,100.0,100.0,1.981,1.864,92.975,99.721
bc9ec448-4a7c-4d76-957a-06a79ace22cf,short,2,0.0,0.0,100.0,100.0,2.317,1.895,94.543,99.813
fc6b0b8f-3d1c-49fe-bb67-19f018a154f2,mid,17,0.769,6.923,100.0,96.97,2.165,4.082,93.124,95.138
3bac958f-93e4-4159-817e-8c51ae5ed960,short,1,7.143,0.0,100.0,100.0,2.846,3.824,77.9,97.877
91ccc9ae-e34c-4150-a61c-3806ba69c4a9,long,30,52.552,3.592,66.667,98.305,4.225,0.93,66.481,100.0
5eb2721b-e472-49b9-8b44-5a2ab6a9175e,short,5,0.0,1.136,100.0,100.0,2.264,3.716,100.0,99.965
0eb8df97-52d8-45c9-881e-3a86930cb0a6,long,26,35.088,1.949,81.818,100.0,52.687,7.289,59.884,77.773
7bd691c4-5f17-4725-9e79-3d43177cb9fb,mid,24,3.273,0.727,100.0,100.0,3.487,2.133,99.971,92.437
ccf452b7-89fb-4717-b995-ba539a339912,long,33,42.783,3.478,77.778,98.462,9.934,6.258,59.401,100.0
a17214d0-d534-43d5-866a-41d24e490bd7,mid,22,5.995,0.545,97.674,100.0,2.679,3.976,82.821,87.874
36ab0b97-7c11-49a8-a7f6-b18834bb33b7,long,33,26.565,7.783,88.136,96.875,4.425,3.908,52.241,85.134
01fe0a70-38f4-41f8-85b2-43944c5e722d,mid,14,0.0,9.013,100.0,96.296,1.548,3.365,78.249,96.171
6792ae7a-fcba-4de9-bc28-45c4634690eb,long,36,37.771,7.815,80.0,97.143,9.498,1.254,54.06,84.651
98947a8f-682f-4f02-a6e7-a93a81c8739d,mid,25,1.222,0.489,100.0,100.0,5.179,7.907,76.027,93.598
433757ea-1951-4ca4-9905-9bfef1a99429,short,9,0.541,1.081,100.0,100.0,2.228,3.138,95.402,92.159
9f2bb1ca-a2f8-4607-914d-ad6524663af0,short,4,0.0,0.0,100.0,100.0,1.993,1.301,100.0,95.251
3904d796-8ef9-4f26-a08d-57b681e946bc,mid,25,0.728,1.214,100.0,100.0,15.675,3.411,83.026,87.101
7c26086e-8bfc-4586-bf47-17295db4a52f,mid,18,0.888,0.592,100.0,100.0,1.173,1.367,88.877,95.168
08bc93a7-5806-461a-a7c0-0d0b0ada0801,mid,20,6.593,0.0,97.436,100.0,1.37,6.052,84.377,93.725
9320f387-a3d3-4301-b71f-e0f2eca1e779,mid,21,0.508,5.838,100.0,97.561,12.804,6.059,85.664,89.584
8f8e8a82-340a-443e-a501-39c74309ac3b,mid,17,0.694,0.347,100.0,100.0,0.918,2.298,86.008,89.201
bb9ed5f9-9fe3-4333-ae22-45f8effe7fc7,mid,19,0.0,5.938,100.0,97.297,3.778,3.705,85.926,90.546
f189634f-bdfe-4749-9980-e8063ae7a71b,long,29,62.212,0.922,58.537,100.0,10.442,5.733,42.233,100.0
93a0e30f-caa4-4bf2-85ed-d09100380aa2,mid,12,0.909,0.0,100.0,100.0,3.866,3.578,91.522,94.07
d86e75ad-80c5-4253-9cdf-52c8653a1bcd,short,2,2.273,0.0,100.0,100.0,4.858,2.491,90.447,96.612
b5e156c4-727f-4abd-bdaf-29d4f75b9c15,long,30,39.811,0.566,77.551,100.0,2.465,4.391,58.239,89.053
b4f5ebf9-662c-4808-a408-779e920821f4,mid,16,0.627,0.0,100.0,100.0,3.785,1.144,83.983,93.509
219b5912-6d8e-4c74-91a1-5a885b011a3f,short,7,0.0,1.471,100.0,100.0,2.788,1.132,100.0,91.703
cc279f99-ca72-4b83-ae0a-c7c6be1500ea,short,9,0.719,0.719,100.0,100.0,4.913,2.71,90.245,99.965
526ef1a8-05da-401e-9e1e-4050d24d1a58,short,3,0.0,3.333,100.0,100.0,1.081,3.641,100.0,92.485
c358a4b9-bd50-4339-9238-451a5b45d7d1,mid,17,0.717,0.358,100.0,100.0,10.979,3.044,89.006,94.177
a2b4f3df-4f89-43cc-88d3-69e5fe951ca8,long,37,39.365,5.397,78.689,97.222,7.483,7.702,70.754,76.587
286ac808-aa26-48d8-a442-1af53ddcfa6e,short,10,0.503,0.503,100.0,100.0,6.211,0.774,100.0,99.672
0bc91769-a9f9-4a01-b5f8-c69aa9619d61,long,38,42.477,6.125,71.186,97.297,2.613,2.898,42.001,88.998
c755f73f-1fc6-4bb9-a528-5c08764940ac,mid,15,7.317,0.0,96.552,100.0,3.339,5.648,95.134,98.707
376927dd-f6d6-40f4-b069-4ca0a2c5b6b8,mid,13,0.439,0.439,100.0,100.0,2.794,3.12,77.176,89.925
ac3dde78-2b1b-4b0f-9822-b2a327054f06,mid,20,0.265,1.061,100.0,100.0,8.139,9.326,79.871,90.776
08007526-6b46-41d9-8858-78b0536aa20c,short,5,1.266,1.266,100.0,100.0,2.447,2.482,89.264,96.862
745b07fc-b5f7-41e7-a33f-547055d4f7f3,long,46,47.0,7.5,73.973,96.629,5.151,3.98,67.012,90.789
eb981834-4912-4c67-99f2-fb7fd34eaf9c,mid,23,0.545,1.09,100.0,100.0,3.052,3.313,86.744,91.663
44973985-d9af-4ca9-94b3-c62a7ac12551,short,9,0.0,0.617,100.0,100.0,2.08,5.473,97.49,93.985
338ce1bf-c5c4-448b-8f3e-d493936d4a63,mid,20,0.833,0.556,100.0,100.0,6.747,2.895,94.311,94.614
4f8c5636-b6ff-40c7-893e-5860f88569ad,mid,23,0.813,6.504,100.0,97.778,3.843,4.627,77.852,88.645
a5ad2952-8e54-48a6-8934-6a3dbb4ad217,short,2,0.0,0.0,100.0,100.0,1.081,2.285,100.0,99.965
40777292-259c-417e-9b71-b56f91e95140,short,9,0.0,1.333,100.0,100.0,3.896,2.833,83.314,92.996
408bc79a-0095-4a61-8a87-aa28e34f6f1f,short,7,1.709,0.855,100.0,100.0,1.436,1.445,93.113,93.279
bbde47ba-ce9e-4c18-87aa-e06879545a98,mid,25,0.794,3.175,100.0,97.959,1.037,5.541,80.84,94.094
d365864a-36ad-4d9b-807e-c846253e0d61,short,10,0.0,0.556,100.0,100.0,10.646,1.208,78.937,94.023
2704923d-9ba6-43fe-85a6-eab25db1f7e3,short,2,2.857,0.0,100.0,100.0,5.387,6.792,86.744,97.153
ddad6517-63f1-404c-9127-0c3ac8769224,long,27,37.712,4.873,77.273,98.113,5.199,3.699,98.775,78.574
4aba5d36-1d30-45c4-919a-8187812dee84,short,2,0.0,0.0,100.0,100.0,2.977,2.777,100.0,95.558
4b6a00f8-5654-4aac-86cf-a10c0558cc2d,short,4,1.449,0.0,100.0,100.0,3.092,1.658,95.738,93.794
79b5b14b-a7a5-4b03-b6ce-c863d4d3324a,long,33,38.391,3.108,80.0,98.462,17.186,2.996,64.451,90.5
d0ae6ca8-5d9d-472b-aca8-d15fe8286930,short,9,0.568,0.568,100.0,100.0,5.482,2.034,83.482,99.965
2ac0d6b3-af7b-4143-a821-0d89dbe2831d,mid,21,0.857,0.857,100.0,100.0,2.197,2.39,83.701,98.622
7861b5b6-2326-414f-8bda-227c27e8fdb8,long,39,47.84,5.093,72.131,97.368,0.828,46.985,74.73,92.544
64589689-881d-4941-bd0c-6b9eac912cdb,mid,20,5.152,1.212,97.436,100.0,3.986,4.199,90.4,95.713
a1a836b1-8560-4530-a59d-cac1537ab3da,mid,14,0.397,1.19,100.0,100.0,6.111,3.733,86.091,92.536
d07ef388-937f-498a-b972-46d0baaee6cd,mid,13,4.455,8.416,100.0,96.0,3.614,6.984,90.834,81.41
8addc0c7-3f11-47aa-bde0-263451fb57cc,mid,19,0.629,5.346,100.0,97.297,6.556,3.976,87.162,91.59
d9316162-3326-49bc-bda5-926ce0cf9e5d,short,4,0.0,2.703,100.0,100.0,5.476,3.703,89.485,96.794
139bb865-90b4-4f61-a5a5-fb255d6c81b6,short,9,1.408,0.0,100.0,100.0,1.263,0.917,90.362,98.615
ba9f5ba3-6714-412a-befd-1b6a8100c0c6,mid,13,0.858,0.0,100.0,100.0,8.072,4.813,91.624,95.198
53e99048-bad1-4484-99ea-fca76d1f39b0,long,47,36.098,8.879,77.922,94.382,4.284,5.688,70.859,96.841
291f5a3d-4dfb-47ba-930b-93ee6d77b0c6,short,2,0.0,0.0,100.0,100.0,5.729,3.208,96.232,99.446
d477197a-e664-4369-8bfe-e518b6314d65,long,39,42.921,1.639,76.19,100.0,8.426,1.988,56.273,84.709
